fid,Артикул,Название товара,Полное описание,Цена продажи,Старая цена,Остаток,Изображения,Подкатегория 1,Подкатегория 2,Подкатегория 3,Подкатегория 4,Параметр: Ширина,Параметр: Глубина,Параметр: Высота,Параметр: Глубина сиденья,Параметр: Высота сиденья,Параметр: Диаметр,Параметр: Бренд,Параметр: Страна происхождения,Параметр: Стиль,Параметр: Материал,Параметр: Цвет,Параметр: Назначение
22,111859,Диван SOFA AURELIO 111859 Eichholtz,"Диван на высоких черных ножках. Мягкое стеганое сиденье, спинка и боковины в бархатной обивке.",286788.0,0.0,1,https://idcollection.ru/images/c3522487f60a8457c161c983b89950c4/divan-sofa-aurelio-111859-eichholtz.jpg https://idcollection.ru/images/6b5e9af99c35c78e44e32585be5a0d74/divan-sofa-aurelio-111859-eichholtz.jpg,Eichholtz,Мебель,Мягкая мебель,Диваны,240 , 98 , 69 , 70 , 44 cm,""
23,113531,Аксессуар настольный DOMINICO L 113531 Eichholtz,Оригинальная и стильная фигурка для оформления интерьера. Прекрасно впишется в любой стиль. Фигурка выполнена из прозрачного стекла. Ручная работа.,14953.0,0.0,7,https://idcollection.ru/images/7081a813c7a7121ad05a2eb3487d5ad3/aksessuar-nastolnyy-dominico-l-113531-eichholtz.jpg https://idcollection.ru/images/fe76fc8e44ec509ec32f6b5ec6ee8430/aksessuar-nastolnyy-dominico-l-113531-eichholtz.jpg https://idcollection.ru/images/16bb1e930ee73f3cc0a494e69df38704/aksessuar-nastolnyy-dominico-l-113531-eichholtz.jpg https://idcollection.ru/images/3603d44dbba6fd505ec9c3cb7adcf261/aksessuar-nastolnyy-dominico-l-113531-eichholtz.jpg,Eichholtz,Аксессуары и декор,"","",20 , 20,"","","",""
24,113779,Пуф STOOL BURNETT 113779 Eichholtz,Стильный табурет на невысоких ножках в золотистой отделке. Основание табурета в бархатной обивке.,19806.0,100.0,5,https://idcollection.ru/images/cefae3cdfa888d6eca174cc1e1875e99/puf-stool-burnett-113779-eichholtz.jpg,Eichholtz,Мебель,Стулья,Табуреты,40 , 40 ,  45,"","",""
25,113569,Коробка Apple (2 шт.) 113569 Eichholtz,Оригинальные шкатулки для хранения мелких предметов. Набор из 2-х шкатулок в форме яблок: малая и большая. Серебряное покрытие.,19779.0,0.0,2,https://idcollection.ru/images/e327d02a05846a3bf7ebbff21cb2cf7a/korobka-apple-2-sht-113569-eichholtz.jpg https://idcollection.ru/images/c9bfe2f1a5f76618434255f2756781e5/korobka-apple-2-sht-113569-eichholtz.jpg https://idcollection.ru/images/5fc6d5d627a941dc4c91b8785e0dbbbb/korobka-apple-2-sht-113569-eichholtz.jpg https://idcollection.ru/images/cdb305d6e39b1c0c89903739e074d03a/korobka-apple-2-sht-113569-eichholtz.jpg,Eichholtz,Аксессуары и декор,"","",""," H. 15,5 cm | ø 19 ","  14,5","","",ø 13 
26,113778,Табурет STOOL BURNETT 113778 Eichholtz,Стильный табурет на невысоких ножках в золотистой отделке. Основание табурета в бархатной обивке.,0.0,100.0,0,https://idcollection.ru/images/7903e95fda7ededd52f61045bfe72de1/taburet-stool-burnett-113778-eichholtz.jpg,Eichholtz,Мебель,Стулья,Табуреты,40 , 40 ,  45,"","",""
27,111877,Люстра Shard 111877 Eichholtz,Подвесная люстра Shard - отличный современный выбор. Обрывистые линии и остроконечное основание делают ее необычным украшением вашей гостиной.,137722.0,196745.0,1,https://idcollection.ru/images/9feb863f8df4ad232d91599f8117d889/lyustra-shard-111877-eichholtz.jpg https://idcollection.ru/images/18352c96f37a3ed049342b67083827e8/lyustra-shard-111877-eichholtz.jpg https://idcollection.ru/images/53d4a082efe349e0daf559db910db925/lyustra-shard-111877-eichholtz.jpg https://idcollection.ru/images/0cfcf62ef4295c122749940f8c2c3af6/lyustra-shard-111877-eichholtz.jpg https://idcollection.ru/images/c6801a07747dfa2a3e27b2ab914c8a96/lyustra-shard-111877-eichholtz.jpg https://idcollection.ru/images/0b717d53e497626f9251ccf2512780ad/lyustra-shard-111877-eichholtz.jpg,Eichholtz,Свет,Люстры,Люстры подвесные,"","",  97,"","",47 
28,111461,Кофейный стол ( 3 шт.) Quercus 111461 Eichholtz,Набор из 3-х оригинальных журнальных столиков с деревянными столешницами с бронзовой отделкой. Столешницы выполнены в форме среза ствола дерева.,220135.0,314478.0,1,https://idcollection.ru/images/0b0e7caa084f9c176fde71dd4ae9526a/kofeynyy-stol-3-sht-quercus-111461-eichholtz.jpg https://idcollection.ru/images/6c19633611aa29a49947d83dc64ebb10/kofeynyy-stol-3-sht-quercus-111461-eichholtz.jpg https://idcollection.ru/images/8276a8b4202d9a4df4de7151016ae7a8/kofeynyy-stol-3-sht-quercus-111461-eichholtz.jpg https://idcollection.ru/images/91a4913076b9e73734b2355d790b5ff2/kofeynyy-stol-3-sht-quercus-111461-eichholtz.jpg https://idcollection.ru/images/57d68b978ab1695a0b7269e0778d29e8/kofeynyy-stol-3-sht-quercus-111461-eichholtz.jpg,Eichholtz,Мебель,Столы,Кофейные столики,"","","","","",""
29,111878,Люстра Shard 111878 Eichholtz,"Брутальная люстра станет изысканным украшением вашей спальни или гостиной. Меняющая цвета, она выглядит роскошно и нетривиально.",137722.0,196745.0,1,https://idcollection.ru/images/b41e006ef945d19ae3e5f576fa2ec0e7/lyustra-shard-111878-eichholtz.jpg https://idcollection.ru/images/920f944c4f5abb59c37dd26ab937271b/lyustra-shard-111878-eichholtz.jpg https://idcollection.ru/images/10ca6cae0754265c9c238b34ad8e8915/lyustra-shard-111878-eichholtz.jpg https://idcollection.ru/images/450623831dbaef8a9b813926a9c24c1d/lyustra-shard-111878-eichholtz.jpg https://idcollection.ru/images/c2afe2df8221282c6848174b36a0478e/lyustra-shard-111878-eichholtz.jpg https://idcollection.ru/images/569bd827a2f059661c1d38a4335635da/lyustra-shard-111878-eichholtz.jpg,Eichholtz,Свет,Люстры,Люстры подвесные,"","","  103,5","","",47 
30,113543,Стул Dinig Chair Bristol 113543 Eichholtz,Изящный стул для столовой комнаты. Мягкое сиденье и спинка в форме ракушки обтянуты бархатом. Высокие деревянные ножки с латунными наконечниками.,43513.0,100.0,9,https://idcollection.ru/images/ad1763d66a85db0ee154dcf7248d0b79/stul-dinig-chair-bristol-113543-eichholtz.jpg https://idcollection.ru/images/ad1763d66a85db0ee154dcf7248d0b79/stul-dinig-chair-bristol-113543-eichholtz.jpg https://idcollection.ru/images/262a67d83a752da8478c2e1077e62b49/stul-dinig-chair-bristol-113543-eichholtz.jpg https://idcollection.ru/images/ce48f7d6d4d27f52fe93200f068ba80a/stul-dinig-chair-bristol-113543-eichholtz.jpg https://idcollection.ru/images/04540fde38f0fcae5adabdc996715627/stul-dinig-chair-bristol-113543-eichholtz.jpg https://idcollection.ru/images/d7db838bd98475e071d110b1c0890dd7/stul-dinig-chair-bristol-113543-eichholtz.jpg https://idcollection.ru/images/040746c1aed7292c918cb573de11220d/stul-dinig-chair-bristol-113543-eichholtz.jpg https://idcollection.ru/images/ae7808456feb6626ead403d4a1db5e41/stul-dinig-chair-bristol-113543-eichholtz.jpg https://idcollection.ru/images/ad1763d66a85db0ee154dcf7248d0b79/stul-dinig-chair-bristol-113543-eichholtz.jpg,Eichholtz,Мебель,Стулья,"",60 , 63 , 83 , 46 , 49 ,""
31,113286,Набор подсвечников CANDLE HOLDER SIERRA SET OF 3 113286 Eichholtz,Набор подсвечников от Eichholtz состоит из трех подсвечников разных размеров. Подсвечники выполнены из мрамора. Сверху латунный ободок. Подсвечники прекрасно впишутся в совремеенный интерьер гостиной или столовой.,0.0,0.0,0,https://idcollection.ru/images/56bf97737a0f8615f80d7fda1e9df36d/nabor-podsvechnikov-candle-holder-sierra-set-of-3-113286-eichholtz.jpg https://idcollection.ru/images/ef096873efa76aacfb77989cf75a9fde/nabor-podsvechnikov-candle-holder-sierra-set-of-3-113286-eichholtz.jpg https://idcollection.ru/images/612a310bc722a1c8bdab3e310ed14a9a/nabor-podsvechnikov-candle-holder-sierra-set-of-3-113286-eichholtz.jpg https://idcollection.ru/images/e35161dbc5bcc3d7601f58829805bed3/nabor-podsvechnikov-candle-holder-sierra-set-of-3-113286-eichholtz.jpg https://idcollection.ru/images/30904a6f593b97485ca892936ab52565/nabor-podsvechnikov-candle-holder-sierra-set-of-3-113286-eichholtz.jpg https://idcollection.ru/images/56bf97737a0f8615f80d7fda1e9df36d/nabor-podsvechnikov-candle-holder-sierra-set-of-3-113286-eichholtz.jpg,Eichholtz,Аксессуары и декор,Аксессуары,Подсвечники и свечи,"","", 25 |  20 | 16,"","",12 
32,111172,Бра Mancini 111172 Eichholtz,"Тип цоколя:	E14
Кол-во ламп:	2
Максимальная мощность:	40 ватт
Переключатель:	нет
Диммер:	не включено
Провод:	2 x 0,75 см",55824.0,0.0,2,https://idcollection.ru/images/dfef0866c400f896968d47c29a4408cf/bra-mancini-111172-eichholtz.jpg https://idcollection.ru/images/60241eb3ea785898f83d39356bc77e43/bra-mancini-111172-eichholtz.jpg https://idcollection.ru/images/cb6c72ed5d556792fc7ddddfcac29af3/bra-mancini-111172-eichholtz.jpg https://idcollection.ru/images/2fe315742f66ab939cda000698e65c3c/bra-mancini-111172-eichholtz.jpg https://idcollection.ru/images/dfef0866c400f896968d47c29a4408cf/bra-mancini-111172-eichholtz.jpg https://idcollection.ru/images/46a70c4d0b3b2cdb8ec7c9a7f6902fb5/bra-mancini-111172-eichholtz.jpg https://idcollection.ru/images/3a4d5709b20b84c7f2948ad5226086eb/bra-mancini-111172-eichholtz.jpg,Eichholtz,Свет,Настенные светильники,Бра,35 , 19 , 28 cm,"","",""
33,111679,Стул Adagio 111679 Eichholtz,"Стул из тростника прекрасно подойдет как для кухни, так и для сада.",0.0,100.0,0,https://idcollection.ru/images/8b244c8eae8b2e3ef03865186e3636bf/stul-adagio-111679-eichholtz.jpg https://idcollection.ru/images/98b1e9a8130c626fb152eb0ec957120b/stul-adagio-111679-eichholtz.jpg https://idcollection.ru/images/3af91f88c744b7adedf834951b7383a6/stul-adagio-111679-eichholtz.jpg https://idcollection.ru/images/d9fc82e446660fd4984cfc822fddb13b/stul-adagio-111679-eichholtz.jpg https://idcollection.ru/images/35c6142f9cddb3e263b00b6377845da2/stul-adagio-111679-eichholtz.jpg,Eichholtz,Мебель,Стулья,"",58 , 82 , 70 , 55 , 33 ,""
34,112334,Стеллаж Florence 112334 Eichholtz,"Элегантный, современный стеллаж со стеклянными полками. Металлическая основа с отделкой под золото. Прозрачная форма стеллажа не загружает интерьер кабинета или библиотеки.",220135.0,314478.0,1,https://idcollection.ru/images/3127383efd161638251e9e96aaee8598/stellazh-florence-112334-eichholtz.jpg,Eichholtz,Мебель,Мебель для хранения,Стеллажи,110 , 35 ,  220,"","",""
35,113806,Приставной столик SIDE TABLE GILMORE 113806 Eichholtz,"Современный приставной столик с основанием из меди, стеклянные столешницы в виде секций, вращающихся вокруг оси. Столик можно комбинировать, исходя из задач и нужной площади размещения.",0.0,0.0,0,https://idcollection.ru/images/7e33a16d66c644020a59ccbea7788561/pristavnoy-stolik-side-table-gilmore-113806-eichholtz.jpg https://idcollection.ru/images/030cc3da8dc5f837a4a526df6392e47e/pristavnoy-stolik-side-table-gilmore-113806-eichholtz.jpg https://idcollection.ru/images/e9929bedcad6dae7c9a53960f919e773/pristavnoy-stolik-side-table-gilmore-113806-eichholtz.jpg https://idcollection.ru/images/f6bd51cb74faa5d52f8e83f43c27645f/pristavnoy-stolik-side-table-gilmore-113806-eichholtz.jpg https://idcollection.ru/images/1f95b8959aabe9ac5fb93a0fe128d805/pristavnoy-stolik-side-table-gilmore-113806-eichholtz.jpg,Eichholtz,Мебель,Столы,Приставные столики,109 , 58 ,  56,"","",""
36,110284,Люстра подвесная Gregorian S 110284 Eichholtz,"Тип цоколя:	E27
Количество ламп:	6
Мощность:	40 Вт
Провод:	2 x 0,75
Тип подвеса:	цепь и трубка
Длинна подвеса:	55 см трубка + 160 см цепь",82440.0,117771.0,1,https://idcollection.ru/images/a176177bd9564b6181227fadb38cc134/lyustra-podvesnaya-gregorian-s-110284-eichholtz.jpg,Eichholtz,Свет,Люстры,Люстры подвесные,"","","","","",""
37,112635,Светильник Chandelier Tango 5 light 112635 Eichholtz,Светильник из 5 ламп ассиметрично закрепленных к металлическому основанию. Стильное освещение современного интерьера.,103672.0,129590.0,3,https://idcollection.ru/images/e55b77f443cc35b98c403fc62766e678/svetilnik-chandelier-tango-5-light-112635-eichholtz.jpg https://idcollection.ru/images/2af299f5390cd567ab2bb21dc15309da/svetilnik-chandelier-tango-5-light-112635-eichholtz.jpg https://idcollection.ru/images/cbc747390dc503a68b743c63309cb074/svetilnik-chandelier-tango-5-light-112635-eichholtz.jpg https://idcollection.ru/images/999e31b951d550bd314341ff900ef195/svetilnik-chandelier-tango-5-light-112635-eichholtz.jpg https://idcollection.ru/images/e55b77f443cc35b98c403fc62766e678/svetilnik-chandelier-tango-5-light-112635-eichholtz.jpg https://idcollection.ru/images/b299ed6b8d7a610264f8e7bc7ad4314f/svetilnik-chandelier-tango-5-light-112635-eichholtz.jpg,Eichholtz,Свет,Подвесные светильники,"",110 , 55 ,  150 | adjustable,"","",""
38,112681,Набор подсвечников 2 шт. Tobor L 112681 Eichholtz,"Набор подсвечников из мрамора от Eichholtz.
Подсвечники из белого мрамора прекрасно впишутся в современный интерьер гостиной или спальни.",0.0,0.0,0,https://idcollection.ru/images/a6d5ae8983a4127e0da2369c14a4a144/nabor-podsvechnikov-2-sht-tobor-l-112681-eichholtz.jpg,Eichholtz,Аксессуары и декор,Аксессуары,Подсвечники и свечи,"","",  21,"","",10 
39,111553,Коробка Pineapple 111553 Eichholtz,Оригинальная ваза в форме ананаса. Ваза с крышкой выполнена в бронзовой отделке.,0.0,0.0,0,https://idcollection.ru/images/14fdae6a6f6810edbaa8156c40e9285b/korobka-pineapple-111553-eichholtz.jpg https://idcollection.ru/images/6f93149e73ef42eea0fb1ecd9f1bfc02/korobka-pineapple-111553-eichholtz.jpg https://idcollection.ru/images/51fda9605bba442bbac15d9ae5a0b3ec/korobka-pineapple-111553-eichholtz.jpg https://idcollection.ru/images/cb980a9e71f3afb0402c6ba6c759e1a1/korobka-pineapple-111553-eichholtz.jpg https://idcollection.ru/images/9906514fde2deaa549308cfe63b4cf86/korobka-pineapple-111553-eichholtz.jpg,Eichholtz,Аксессуары и декор,Элементы декора,"","","",  28,"","",16 
40,113484,Кресло SWIVEL CHAIR MIRAGE 113484 Eichholtz,Изящное и оригинальное кресло имеет коконообразный силуэт. Кресло выполнено в форме раковины. Бархатная обивка. Поворотное основание из полированной латуни.,0.0,0.0,0,https://idcollection.ru/images/cd5389c75a7332308a38acd3bd5156a7/kreslo-swivel-chair-mirage-113484-eichholtz.jpg https://idcollection.ru/images/581bacea051d1599e4fb5b0812e999dd/kreslo-swivel-chair-mirage-113484-eichholtz.jpg,Eichholtz,Мебель,Мягкая мебель,Кресла,90 , 80 , 80 , 55 , 43 ,""
41,112534,Вазы (набор 2 шт.) JAR FLAMINGO SET OF 2 112534 Eichholtz,"Набор из двух фарфоровых вазочек с крышками. Вазы выполнены из фарформа, декорированы ярким и стильным рисунком.",23763.0,0.0,1,https://idcollection.ru/images/e315fe9727043389d2db8b0ebad37044/vazy-nabor-2-sht-jar-flamingo-set-of-2-112534-eichholtz.jpg https://idcollection.ru/images/213dfdb7977808ee68f02c85c6c1ba7f/vazy-nabor-2-sht-jar-flamingo-set-of-2-112534-eichholtz.jpg https://idcollection.ru/images/41836f673f4a53d3de8431554dd5c288/vazy-nabor-2-sht-jar-flamingo-set-of-2-112534-eichholtz.jpg https://idcollection.ru/images/603c7f5b77331ad5b89992989b926714/vazy-nabor-2-sht-jar-flamingo-set-of-2-112534-eichholtz.jpg https://idcollection.ru/images/443326aff54b5386a7bcb2192ca48794/vazy-nabor-2-sht-jar-flamingo-set-of-2-112534-eichholtz.jpg https://idcollection.ru/images/b26066ddda7bb4efbd6fe41364f47a18/vazy-nabor-2-sht-jar-flamingo-set-of-2-112534-eichholtz.jpg,Eichholtz,Аксессуары и декор,"","","","","","","",""
42,113700,Диван SOFA MIRAGE 113700 Eichholtz,Стильный и уютный диван с мягим сиденьем и спинкой. Декорирован боковинами из латуни.,0.0,0.0,0,https://idcollection.ru/images/ca421d1c8fe407227c53bd3ad7bf6c89/divan-sofa-mirage-113700-eichholtz.jpg https://idcollection.ru/images/57521433200f690c5fe244cd419df371/divan-sofa-mirage-113700-eichholtz.jpg https://idcollection.ru/images/d6c6bb8f70d2f995f1c9b1b7a4b1edac/divan-sofa-mirage-113700-eichholtz.jpg https://idcollection.ru/images/1b724577df76221fd9a4fcdfe17c468e/divan-sofa-mirage-113700-eichholtz.jpg https://idcollection.ru/images/10c39fdddd11a60deceae9d81eab9f98/divan-sofa-mirage-113700-eichholtz.jpg https://idcollection.ru/images/d2bced60ae3a6e7a95dd9eff16186157/divan-sofa-mirage-113700-eichholtz.jpg https://idcollection.ru/images/fa2b7aef39f46d9bb67c73af129937b0/divan-sofa-mirage-113700-eichholtz.jpg,Eichholtz,Мебель,Мягкая мебель,Диваны,225 , 90 , 80 ," 63,5 ", 43 ,""
45,107048,Подсвечник Vanity Fair 107048 Eichholtz,Современный подсвечник в форме цилиндра выполнен из тониованного выдувного стекла с фактурой.,14342.0,20488.0,1,https://idcollection.ru/images/2185479c7a7d845d81ab80c1fc23bba2/podsvechnik-vanity-fair-107048-eichholtz.jpg,Eichholtz,Аксессуары и декор,Аксессуары,Подсвечники и свечи,"","",  39,"","",27 
46,107125,Декоративные шары Croydon (3 шт.) 107125 Eichholtz,Набор шаров Croydon - это прекрасный декоративный набор пресс-папье для направления дизайнерского стиля в ваше жилище.,12119.0,15149.0,1,https://idcollection.ru/images/e5c007c309b0fa3ef77f4bf7a9c4ff6c/dekorativnye-shary-croydon-3-sht-107125-eichholtz.jpg https://idcollection.ru/images/a85675148b030fca00c38c9b64ca248b/dekorativnye-shary-croydon-3-sht-107125-eichholtz.jpg https://idcollection.ru/images/e5c007c309b0fa3ef77f4bf7a9c4ff6c/dekorativnye-shary-croydon-3-sht-107125-eichholtz.jpg,Eichholtz,Аксессуары и декор,Элементы декора,"","","","","","",""
47,107244,Поднос French Style 107244 Eichholtz,"Прямоугольный никелевый поднос с зеркальной стеклянной вставкой. Этот роскошный сервировочный поднос также имеет стильные полированные акриловые ручки, увенчанные блестящими никелевыми концами.
Этот современный поднос идеально подходит для подачи напитков или просто для декоративного отображения вокруг дома, чтобы добавить блеск.",23544.0,33634.0,1,https://idcollection.ru/images/b70c70e6203b56a0a3c8cc66a0d5a133/podnos-french-style-107244-eichholtz.jpg https://idcollection.ru/images/4e36bb9c15a5d4ac2a223686fa117a0d/podnos-french-style-107244-eichholtz.jpg,Eichholtz,Аксессуары и декор,Аксессуары,Предметы сервировки,64 , 41 ,"  7,5","","",""
48,107530,Прикроватный столик Brera 107530 Eichholtz,Количество ящиков: 3,18636.0,93179.0,1,https://idcollection.ru/images/d83657010b563b428c543d322312310c/prikrovatnyy-stolik-brera-107530-eichholtz.jpg,Eichholtz,Мебель,Столы,Прикроватные столики,57 , 46 ,"  68,5","","",""
49,107956,Обелиск Sinan (2  шт.) 107956 Eichholtz,"",16102.0,32204.0,1,https://idcollection.ru/images/d1c0c9b1164bb1fdcddc534e1b1c6642/obelisk-sinan-2-sht-107956-eichholtz.jpg https://idcollection.ru/images/4e36bb9c15a5d4ac2a223686fa117a0d/obelisk-sinan-2-sht-107956-eichholtz.jpg,Eichholtz,Аксессуары и декор,Элементы декора,"",19 , 19 ,  60,"","",""
50,108035,Стол журнальный Belgravia 108035 Eichholtz,"Внесите сияние, изысканность и элегантность в ваш домашний интерьер, сделав Eichholtz Belgravia последним дополнением к схеме.
Этот элегантный журнальный столик Belgravia будет прекрасно смотреться в гостиной вашего дома, предоставьте ему идеальное место, чтобы можно было посидеть с друзьями за чашкой кофе или просто отдохнуть пять минут.",71813.0,143625.0,2,https://idcollection.ru/images/757690afa9c386a2dd5196bd6e91a913/stol-zhurnalnyy-belgravia-108035-eichholtz.jpg,Eichholtz,Мебель,Столы,Журнальные столы,"","",  40,"","",100 
52,108346,Чаша Conex 108346 Eichholtz,"",9411.0,11764.0,1,https://idcollection.ru/images/4c3020dea35a2d102fb8c5ebc9da1d9f/chasha-conex-108346-eichholtz.jpg,Eichholtz,Аксессуары и декор,Посуда,Чаши декоративные,"","",  8,"","",15 
53,108831,Декантер Abysse 108831 Eichholtz,"Элегантный графин ручной работы, выпонен из прозрачного стекла.",6784.0,9691.0,3,https://idcollection.ru/images/d42d659f7c5cd379c133d1862f05f924/dekanter-abysse-108831-eichholtz.jpg,Eichholtz,Аксессуары и декор,Аксессуары,Другие аксессуары,11 , 8 ,  24,"","",""
55,109148,Лампа Trowbridge M 109148 Eichholtz,"Роскошная настольная лампа из никеля с абажуром черного цвета.
Настольная лампа Trowbridge имеет красивую комбинацию отделки с полированным стержнем из никеля, опирающимся на полированный черный куб из никеля.",26417.0,52833.0,4,https://idcollection.ru/images/d26a6edf6e34a94a7281147e72cd43cb/lampa-trowbridge-m-109148-eichholtz.jpg,Eichholtz,Свет,Лампы настольные,Декоративные настольные лампы,17 , 50 , 91 cm,"","",""
56,109360,Стул Anvers 109360 Eichholtz,"Классический черный деревянный обеденный стул с серой обивкой.
Anvers от Eichholtz - это изысканный стул, который добавит элегантности вашему интерьеру.
Он имеет черную окрашенную деревянную структуру с замысловатой детализацией и узором.",33057.0,100.0,1,https://idcollection.ru/images/80f3c9e5586b1d15d28d400809c5c8a5/stul-anvers-109360-eichholtz.jpg,Eichholtz,Мебель,Стулья,"",47 , 54 , 98 , 50 , 49 cm,""
57,109433,Стол письменный Buckingham 109433 Eichholtz,"Письменный стол в традиционном стиле из красного дерева с 3 ящиками и кожаным верхом. Создайте идеальную домашнюю рабочую среду с помощью этого классического стола от Eichholtz.
Стол красиво обработан богатым полированным красным деревом, широкими изгибами и изящными сужающимися ножками.
Три вставные кожаные панели с эффектом вставки украшают верх стола с тиснением. Небольшие колесики дополняют классический вид.
Изделия Eichholtz - это ремесленные изделия, тщательно обработанные опытными мастерами. Каждый элемент уникален, и следует ожидать небольшие отличия внешнего вида, поскольку два элемента не похожи друг на друга.",125603.0,251205.0,1,https://idcollection.ru/images/579b2239574e7346c08c335ab9f02dcb/stol-pismennyy-buckingham-109433-eichholtz.jpg,Eichholtz,Мебель,Столы,Письменные столы,175 , 80 ,  77,"","",""
58,109748,Торшер Palm Tree 109748 Eichholtz,"Тип цоколя:    E27
Количество ламп: 4
Мощность: 40 Вт
Переключатель: напольный
Провод: 2 x 0,75",196746.0,245932.0,1,https://idcollection.ru/images/a581a56fb154e328f4b88b4f1bbe5360/torsher-palm-tree-109748-eichholtz.jpg,Eichholtz,Свет,Торшеры,"",31 , 62 , 147 cm,"","",""
59,109824,Подсвечник Maroon 109824 Eichholtz,"",6198.0,8854.0,2,https://idcollection.ru/images/99bf8a3337ca9c97f921712628df7155/podsvechnik-maroon-109824-eichholtz.jpg,Eichholtz,Аксессуары и декор,Аксессуары,Подсвечники и свечи,Ø 15 , H. 30cm,"","","",""
60,110070,Приставной стол Omni 110070 Eichholtz,"Столик из нержавеющей стали с черной стеклянной столешницей и золотой отделкой.
Добавьте прикосновение сдержанного гламура к вашему внутреннему пространству с Eichholtz Omni.",81311.0,101639.0,1,https://idcollection.ru/images/46677f45315cf817aa0c0bcf0f0025ab/pristavnoy-stol-omni-110070-eichholtz.jpg,Eichholtz,Мебель,Столы,Приставные столики,"","",  60,"","",52 
61,110199,Стул Dirand 110199 Eichholtz,Состав ткани: 100% терилен,41169.0,100.0,1,https://idcollection.ru/images/bf1ffe5898f912f774ebe63c2d2704fb/stul-dirand-110199-eichholtz.jpg,Eichholtz,Мебель,Стулья,"",48 , 55 , 91 , 45 , 49 cm,""
62,110670,Чаша Tampa 110670 Eichholtz,Изящная чаша выполнена из хрустального стекла. Используйте эту чашу для сервировки праздничного стола.,30305.0,37881.0,4,https://idcollection.ru/images/b58c28caf896a4d5e553ccfc014f0d29/chasha-tampa-110670-eichholtz.jpg,Eichholtz,Аксессуары и декор,Посуда,Чаши декоративные,17 , 17 ,"  12,5","","",""
63,105954,Письменный стол Catalina 105954 Eichholtz,"Стол из полированного алюминия с воздушной отделкой и черными кожаными ручками. С тремя ящиками, этот стол обязательно займет центральное место в любом месте с его уникальным характером.",129590.0,259179.0,1,https://idcollection.ru/images/350ad940b052fed5bc303d9c60f97ba2/pismennyy-stol-catalina-105954-eichholtz.jpg,Eichholtz,Мебель,Столы,Письменные столы,150 , 72 ,  76,"","",""
64,109875,Журнальный стол Connor 109875 Eichholtz,"Дизайнерский стол с блестящим основанием в форме пирамиды добавит сияния и великолепия вашему домашнему декору. Основание с эффектной геометрической формой, выполненное из нержавеющей стали, с эффектной золотой отделкой и столешницей из прозрачного стекла.",119359.0,170513.0,1,https://idcollection.ru/images/49c6bb496689d5575adaa82ebc2cdf87/zhurnalnyy-stol-connor-109875-eichholtz.jpg https://idcollection.ru/images/d2cb572f56b6734a8d217fb7290acb06/zhurnalnyy-stol-connor-109875-eichholtz.jpg,Eichholtz,Мебель,Столы,Журнальные столы,100 , 100 ,  45,"","",""
65,111032,Лампа настольная Table Lamp Paradiso nickel finish UL 111032UL Eichholtz,"Настольная лампа оригинальной формы. Светильник выполнен из никилерованного металла, плафоны - прозрачный акрил. Тип цоколя:  E27
Количество ламп: 6 Мощность: 40 Вт Переключатель: ручной
Диммер: нет  Провод: 3 x 0,75
 Товар находится в Outlet IDCollection ""Три Кита"" по адресу: Одинцовский р-н, Новоивановское пгт, ул. Луговая, 1. Детали уточняйте по телефону +74952155280",68385.0,97693.0,1,https://idcollection.ru/images/6c53edcd3a69d01caef2b531d284a475/lampa-nastolnaya-table-lamp-paradiso-nickel-finish-ul-111032ul-eichholtz.jpg,Eichholtz,Свет,Лампы настольные,Декоративные настольные лампы,30 , 30 ,  80,"","",""
66,107036,Часы Cadance 107036 Eichholtz,"Классические часы конной тематики в виде стремени, из полированного никеля и черного кожаного покрытия с контрастной строчкой. Отличный домашний аксессуар. Также доступен в расцветке состаренной латуни.",11259.0,14074.0,1,https://idcollection.ru/images/2bdb68bbae9ce352d0f79906ebac2c30/chasy-cadance-107036-eichholtz.jpg,Eichholtz,Аксессуары и декор,Аксессуары,Часы дизайнерские,17 , 12 ,  19,"","",""
67,108983,Стол приставной Palmer 108983 Eichholtz,Квадратный полированный стол из нержавеющей стали с закаленным стеклом. Добавьте современный стиль в гостиную или спальню с боковым столом Palmer от Eichholtz. Визуально потрясающий стол для любого домашнего интерьера.,64595.0,107659.0,6,https://idcollection.ru/images/da32b741560c7044996fcf3c255a14b1/stol-pristavnoy-palmer-108983-eichholtz.jpg https://idcollection.ru/images/a5741ab611a9d1a06f7b4681c5550d03/stol-pristavnoy-palmer-108983-eichholtz.jpg,Eichholtz,Мебель,Столы,Приставные столики,65 , 65 ,  55,"","",""
68,111330,Настольная лампа Octavio 111330 Eichholtz,Современная классическая настольная лампа. Основание выполнено из стекла с сотовой фактурой. Абажур в форме цилиндра.,39114.0,55877.0,1,https://idcollection.ru/images/cf44b440f1cb83ae0606786af9b51517/nastolnaya-lampa-octavio-111330-eichholtz.jpg https://idcollection.ru/images/a6de73eaf75d1a31980be7dc08dfe38a/nastolnaya-lampa-octavio-111330-eichholtz.jpg https://idcollection.ru/images/d5ea151a53ee6f3d5147cdb115d0a76c/nastolnaya-lampa-octavio-111330-eichholtz.jpg https://idcollection.ru/images/9cf3ae2a5f6523990acf3d1ff50440f2/nastolnaya-lampa-octavio-111330-eichholtz.jpg,Eichholtz,Свет,Лампы настольные,Декоративные настольные лампы,16 , 40 , 72 см,"","",""
69,111356,Стул Cesare 111356 Eichholtz,Состав ткани:	100% полиэстер,33228.0,100.0,6,https://idcollection.ru/images/0c56aaae7017d8925eb09849468b4a9e/stul-cesare-111356-eichholtz.jpg https://idcollection.ru/images/31a4c662a4f034a8130a6bcda3368394/stul-cesare-111356-eichholtz.jpg https://idcollection.ru/images/2e32e965a09b56a361ff11916ee9778f/stul-cesare-111356-eichholtz.jpg https://idcollection.ru/images/dc8aae6308ba39a633c43dccfccd505e/stul-cesare-111356-eichholtz.jpg,Eichholtz,Мебель,Стулья,"",50 , 59 , 79 , 43 , 47 cm,""
70,111686,Кресло Polaris 111686 Eichholtz,Состав ткани:	85% терилена | 15% нейлон,78226.0,111751.0,1,https://idcollection.ru/images/50695f13976d69331e3de69e6544211f/kreslo-polaris-111686-eichholtz.jpg https://idcollection.ru/images/49d4ff620e44a25d947a15e66b4ed187/kreslo-polaris-111686-eichholtz.jpg https://idcollection.ru/images/62fdff386ae1313ec74e1b413c111874/kreslo-polaris-111686-eichholtz.jpg https://idcollection.ru/images/214fae44041de0639a8b1bf83fa377f6/kreslo-polaris-111686-eichholtz.jpg,Eichholtz,Мебель,Мягкая мебель,Кресла,93 , 90 , 75 , 62 , 48 ,""
71,111534,Бра Gigi 111534 Eichholtz,"Тип цоколя:	E14
Кол-во ламп:	1
Максимальная мощность:	40 ватт
Переключатель:	нет
Диммер: не включено
Провод:	3 x 0,75",35587.0,50839.0,2,https://idcollection.ru/images/5b16dec978f25ee80696fdd2558f3e1c/bra-gigi-111534-eichholtz.jpg https://idcollection.ru/images/ab42c67a47ec22c6063e2839c6b2ea16/bra-gigi-111534-eichholtz.jpg https://idcollection.ru/images/2e2b18301433206939359caba5c75014/bra-gigi-111534-eichholtz.jpg https://idcollection.ru/images/104daed0e984b48c5b63eeda1c55f909/bra-gigi-111534-eichholtz.jpg https://idcollection.ru/images/5334d55b6c076ab544ad7b80465112a6/bra-gigi-111534-eichholtz.jpg https://idcollection.ru/images/70de5ab563ae4bf4fcb9b90d5070fe43/bra-gigi-111534-eichholtz.jpg,Eichholtz,Свет,Настенные светильники,Бра,23 ," 14,5 ", 42 cm,"","",""
72,111530,Люстра Gigi S 111530 Eichholtz,"Тип цоколя:	E14
Кол-во ламп:	7
Максимальная мощность:	40 ватт
Переключатель:	нет
Диммер: не включено
Провод:	3 x 0,75
Метод подвеса:    цепь
Длинна подвеса:    150",143048.0,204354.0,1,https://idcollection.ru/images/59c9d9a8b85464f4f69397b4e681cbd0/lyustra-gigi-s-111530-eichholtz.jpg https://idcollection.ru/images/1d864e5f4258200630ab6da97bf65a0d/lyustra-gigi-s-111530-eichholtz.jpg https://idcollection.ru/images/c53f0906bfe0a01c9472ce87b7bdefae/lyustra-gigi-s-111530-eichholtz.jpg https://idcollection.ru/images/1258f3545afbf5c534e678a2edf0e785/lyustra-gigi-s-111530-eichholtz.jpg https://idcollection.ru/images/95f1afb8c700c3f7f70d3b60e2f10d09/lyustra-gigi-s-111530-eichholtz.jpg,Eichholtz,Свет,Люстры,"","","",  68,"","",35 
73,112195,Постер Prints Palm Leaves set of 2 112195 Eichholtz,"Черно-белый постер с изображением листьев пальмы - это роскошь минимализма. Спокойствие картины притягивает так же, как цветовая гамма, которая будет всегда в тренде.",77356.0,96695.0,2,https://idcollection.ru/images/b5a906570d2ab8e36c06065b3b0d34f8/poster-prints-palm-leaves-set-of-2-112195-eichholtz.jpg https://idcollection.ru/images/b4042e1540f3e07ccc61fda906dfa5cc/poster-prints-palm-leaves-set-of-2-112195-eichholtz.jpg https://idcollection.ru/images/0e90ba252eed63cdad15031910c5f322/poster-prints-palm-leaves-set-of-2-112195-eichholtz.jpg https://idcollection.ru/images/3e4a161d265bbccc50c22587d490cd6f/poster-prints-palm-leaves-set-of-2-112195-eichholtz.jpg,Eichholtz,Аксессуары и декор,Настенный декор,Постеры,"74,5 "," H. 104,5 per frame","","","",""
74,111852,Обеденный стол Avoria Square 111852 Eichholtz,"Обеденный стол Avoria Square на латунных ножках квадратной формы строгого черного цвета с глянцевым бликом и золотистой отделкой. Высота - 75,5 см.",50241.0,71773.0,1,https://idcollection.ru/images/62893db4bc40cdc83130a33a279e9872/obedennyy-stol-avoria-square-111852-eichholtz.jpg https://idcollection.ru/images/6401b0887c7ce53a3e3aaa1d268662c9/obedennyy-stol-avoria-square-111852-eichholtz.jpg https://idcollection.ru/images/154014180e06606749899f42d129c31d/obedennyy-stol-avoria-square-111852-eichholtz.jpg,Eichholtz,Мебель,Столы,Обеденные столы,75 , 75 ,"  75,5","","",""
75,112066,Dining Chair Cardinale 112066 Eichholtz,Стул на выоских деревянных ножках. Высокая мягкая спинка и сиденье в бархатной обивке.,40348.0,100.0,18,https://idcollection.ru/images/be1cef3fe09f4bb6dcaf28f5c5095c02/dining-chair-cardinale-112066-eichholtz.jpg https://idcollection.ru/images/a2ba94c97c977eaddb4096f868e0e4bd/dining-chair-cardinale-112066-eichholtz.jpg https://idcollection.ru/images/d8de06fe5ff757a8dfcfaf51245e85fa/dining-chair-cardinale-112066-eichholtz.jpg https://idcollection.ru/images/bdff466ff3e4603bba8e7793944914b0/dining-chair-cardinale-112066-eichholtz.jpg https://idcollection.ru/images/e9d1aa69264b8a666eb463f28f7e18b4/dining-chair-cardinale-112066-eichholtz.jpg https://idcollection.ru/images/2a169431a85be094d0284e8614f1baa4/dining-chair-cardinale-112066-eichholtz.jpg https://idcollection.ru/images/eb17778478cf0f3e8b001f44fab40c00/dining-chair-cardinale-112066-eichholtz.jpg,Eichholtz,Мебель,Стулья,Барные стулья,62 , 55 , 79 , 42 , 48 cm,""
76,112063,Стул Dining Chair Cipria 112063 Eichholtz,Элегантный и удобный стул на деревянных ножках с латунными наконечниками. Спинка и сиденье обтянуты мягким бархатом.,37183.0,100.0,6,https://idcollection.ru/images/93520c5e7024297d0186bf5f342d36ee/stul-dining-chair-cipria-112063-eichholtz.jpg https://idcollection.ru/images/5459397667b033b8ba566476b3d31b42/stul-dining-chair-cipria-112063-eichholtz.jpg https://idcollection.ru/images/42cd4174094e42d7e7486b7ae23e73f7/stul-dining-chair-cipria-112063-eichholtz.jpg https://idcollection.ru/images/f905dfc467c1a1ea817681c91d6d48ed/stul-dining-chair-cipria-112063-eichholtz.jpg https://idcollection.ru/images/b395f69a711584efbe1efb86c1bd2943/stul-dining-chair-cipria-112063-eichholtz.jpg https://idcollection.ru/images/c4a762552a4058319b69b4850d8889bb/stul-dining-chair-cipria-112063-eichholtz.jpg,Eichholtz,Мебель,Стулья,Барные стулья,52 , 58 , 85 , 46 , 47 cm,""
77,112068,Стул Dining Chair Cardinale 112068 Eichholtz,Стул на выоских деревянных ножках. Высокая мягкая спинка и сиденье в бархатной обивке.,40348.0,100.0,7,https://idcollection.ru/images/44b5fa17245e970bfff12818bbb13a71/stul-dining-chair-cardinale-112068-eichholtz.jpg https://idcollection.ru/images/940d908e8a7b48dde109e8925f04fd14/stul-dining-chair-cardinale-112068-eichholtz.jpg https://idcollection.ru/images/1b7fa1e649e223904fbf8f10777cf6ee/stul-dining-chair-cardinale-112068-eichholtz.jpg https://idcollection.ru/images/7e34a6733dc5e9f71a91316604252c32/stul-dining-chair-cardinale-112068-eichholtz.jpg https://idcollection.ru/images/87882b8d4d4562a49066ab024e0c0cd7/stul-dining-chair-cardinale-112068-eichholtz.jpg https://idcollection.ru/images/857076373abac857f69a9266329c110e/stul-dining-chair-cardinale-112068-eichholtz.jpg https://idcollection.ru/images/a7a6fc3660188610a0f7bad0fcc755c3/stul-dining-chair-cardinale-112068-eichholtz.jpg,Eichholtz,Мебель,Стулья,Барные стулья,62 , 55 , 79 , 42 , 48 cm,""
78,111723,Стул Fallon 111723 Eichholtz,Стул на деревянных ножках. Удобное мягкое сиденье и спинка обтянуты бархатистой тканью.,32535.0,100.0,6,https://idcollection.ru/images/b112aec07ee4914bea6df10fd7832f02/stul-fallon-111723-eichholtz.jpg https://idcollection.ru/images/129a6c07312291d2f745c721b7650d07/stul-fallon-111723-eichholtz.jpg https://idcollection.ru/images/83a59d57b9898fc72f4da4115e96258b/stul-fallon-111723-eichholtz.jpg https://idcollection.ru/images/42f019655c210366516a2fc8acd9c2b5/stul-fallon-111723-eichholtz.jpg https://idcollection.ru/images/d6b281e5650f9022a3ec712eb6adcc04/stul-fallon-111723-eichholtz.jpg https://idcollection.ru/images/1c6cc9444f0646ae41e4415cc56e3894/stul-fallon-111723-eichholtz.jpg,Eichholtz,Мебель,Стулья,Барные стулья,55 , 61 , 84 ," 50,5 ", 51 cm,""
79,112161,Стул Dining Chair Scribe with arm 112161 Eichholtz,Металлический обеденный стул с металлической отделкой и обивкой мягким текстилем.,49444.0,100.0,2,https://idcollection.ru/images/07e5ba77e97a7d64d3d9bb16c6631fe9/stul-dining-chair-scribe-with-arm-112161-eichholtz.jpg https://idcollection.ru/images/2b807b1b9806af7b44327129026d4192/stul-dining-chair-scribe-with-arm-112161-eichholtz.jpg https://idcollection.ru/images/8266c8710ae0b8499c3dc205b97f4cba/stul-dining-chair-scribe-with-arm-112161-eichholtz.jpg https://idcollection.ru/images/35262e90ec501293a7f34201ffaa7b97/stul-dining-chair-scribe-with-arm-112161-eichholtz.jpg https://idcollection.ru/images/ce76dabbbe78f6bffd7c717a229e9375/stul-dining-chair-scribe-with-arm-112161-eichholtz.jpg,Eichholtz,Мебель,Стулья,Табуреты,"60,5 ", 60 , 91 , 45 , 46 ,""
80,112162,Стул Dining Chair Scribe 112162 Eichholtz,Металлический обеденный стул с металлической отделкой и обивкой мягким текстилем.,45886.0,100.0,10,https://idcollection.ru/images/f6ef14e9e092c530996e76afa3b3ec86/stul-dining-chair-scribe-112162-eichholtz.jpg https://idcollection.ru/images/dddd43b19acb51003e107294df75a41b/stul-dining-chair-scribe-112162-eichholtz.jpg https://idcollection.ru/images/c62d72dfc8ada1d4c28b2d5a6f472c90/stul-dining-chair-scribe-112162-eichholtz.jpg https://idcollection.ru/images/ffb1aeffe21fb5ae3af971c0ab86342a/stul-dining-chair-scribe-112162-eichholtz.jpg https://idcollection.ru/images/47831de7a24b01c9d841de86bd9fc838/stul-dining-chair-scribe-112162-eichholtz.jpg,Eichholtz,Мебель,Стулья,Табуреты,"57,5 ", 60 , 91 , 45 , 46 cm,""
81,111463,Журнальный стол Westchester 111463 Eichholtz,Журнальный столик с основанием из искусственной ветки дерева с золотой отделкой и круглой столешницей из черного мрамора.,71872.0,102674.0,1,https://idcollection.ru/images/a878285abc97176543317d5027c28a66/zhurnalnyy-stol-westchester-111463-eichholtz.jpg https://idcollection.ru/images/2e03a496c6044c0ef70c9787dc813288/zhurnalnyy-stol-westchester-111463-eichholtz.jpg https://idcollection.ru/images/76fe1c324dee18a11dcfffb1f8736f7a/zhurnalnyy-stol-westchester-111463-eichholtz.jpg https://idcollection.ru/images/04215e2abe85d859702a8e2e93b30d24/zhurnalnyy-stol-westchester-111463-eichholtz.jpg,Eichholtz,Мебель,Столы,Журнальные столы,"","",  57,"","",50 
82,110617,Приставной столик Pompidou 110617 Eichholtz,"Требуется сборка.
Товар с дефектом. Подробности уточняйте у менеджера по телефону.",65910.0,131819.0,1,https://idcollection.ru/images/f3bb64abe5f6658455d84baef58ef018/pristavnoy-stolik-pompidou-110617-eichholtz.jpg,Eichholtz,Мебель,Столы,Приставные столики,"","",  56,"","",51 
83,110132,Постер Geometric Blueprints (6 шт.) 110132 Eichholtz,"Набор из 6 уникальных художественных репродукций в рамах, созданный по мотивам архитектурных чертежей, украшен замысловатым геометрическим офортом на многотональном сером фоне.",93486.0,116858.0,1,https://idcollection.ru/images/999864be03bb05b1dc81863643458151/poster-geometric-blueprints-6-sht-110132-eichholtz.jpg https://idcollection.ru/images/829631b16eff411a4e7ec27ad4d085db/poster-geometric-blueprints-6-sht-110132-eichholtz.jpg,Eichholtz,Аксессуары и декор,Настенный декор,Постеры,57 , 57 per frame,"","","",""
84,111189,Подсвечник Shade Lilly 111189 Eichholtz,"Размеры абажура:ø 10 x ø 15 x H. 10,5 см",5832.0,11663.0,1,https://idcollection.ru/images/fbf869aa2d9468e5093fb6f76e78d648/podsvechnik-shade-lilly-111189-eichholtz.jpg https://idcollection.ru/images/24903dc948f1d60555bd40017f118c3d/podsvechnik-shade-lilly-111189-eichholtz.jpg https://idcollection.ru/images/c2526c81f064c65a20a7e7feb9d72fc5/podsvechnik-shade-lilly-111189-eichholtz.jpg,Eichholtz,Аксессуары и декор,Аксессуары,Подсвечники и свечи,"","","  12,5","","",15 
85,111745,"Постер Lion, Tigre, Jaguar (6 шт.) 111745 Eichholtz",Принты с изображением диких кошек будут эффектным фоном для вашего дома. Все шесть репродукций отличаются изысканной детализацией. Они имеют старинную золотую раму из искусственного бамбука с прозрачным стеклом.,100474.0,125593.0,1,https://idcollection.ru/images/ace4b3a60f71d5aec69f019c0a25a81b/poster-lion-tigre-jaguar-6-sht-111745-eichholtz.jpg https://idcollection.ru/images/18119a5bd790b3bc79af7599540560fc/poster-lion-tigre-jaguar-6-sht-111745-eichholtz.jpg https://idcollection.ru/images/77774333bbb39c3e1153df798663bfe5/poster-lion-tigre-jaguar-6-sht-111745-eichholtz.jpg https://idcollection.ru/images/97f70cfe56512e68917cd49a7a3bff2f/poster-lion-tigre-jaguar-6-sht-111745-eichholtz.jpg https://idcollection.ru/images/ae1cd47f77e9b180ee93b2a2b347f7be/poster-lion-tigre-jaguar-6-sht-111745-eichholtz.jpg https://idcollection.ru/images/b8fbd7b7c4837f6ec40fc0072d3aff42/poster-lion-tigre-jaguar-6-sht-111745-eichholtz.jpg https://idcollection.ru/images/49b615a10425026b159c14ac6b866d1f/poster-lion-tigre-jaguar-6-sht-111745-eichholtz.jpg https://idcollection.ru/images/1f717f7ef8217c23702ba8a7f89e87e3/poster-lion-tigre-jaguar-6-sht-111745-eichholtz.jpg,Eichholtz,Аксессуары и декор,Настенный декор,Постеры,54 , H. 44 per frame,"","","",""
86,103789,Элемент декора Globe S 103789 Eichholtz,"Сделанный из антикварной латуни глобус на массивной деревянной основе. Отлично смотрится в уютной комнате в колониальном стиле или смешивается с другими аксессуарами из ваших путешествий, чтобы создать прекрасную группу.",10918.0,13647.0,1,https://idcollection.ru/images/b07dcb53d0989ec367388564290b136b/element-dekora-globe-s-103789-eichholtz.jpg,Eichholtz,Аксессуары и декор,Элементы декора,"","","",  29,"","",16 
87,111000,Люстра подвесная Infinity Double 111000 Eichholtz,"Тип цоколя: Е 14
Количество ламп: 6
Мощность: 40Вт
Переключатель: нет
Диммер: нет
Провод: 2 х 0,75
Тип подвеса: цепь
Длинна цепи: 150",209861.0,0.0,1,https://idcollection.ru/images/5940ccebe99158e7e9cc2524f221c3a4/lyustra-podvesnaya-infinity-double-111000-eichholtz.jpg https://idcollection.ru/images/18e88572331f12baea5be626ad0414b9/lyustra-podvesnaya-infinity-double-111000-eichholtz.jpg https://idcollection.ru/images/c2a8bc91256b5fe22881d0e2a0b1dd4f/lyustra-podvesnaya-infinity-double-111000-eichholtz.jpg https://idcollection.ru/images/977d0afc72a5b69db59a80fbf57414a6/lyustra-podvesnaya-infinity-double-111000-eichholtz.jpg https://idcollection.ru/images/0138b489da0626307040c5420e096686/lyustra-podvesnaya-infinity-double-111000-eichholtz.jpg,Eichholtz,Свет,Люстры,Люстры подвесные,"","",  90,"","",67 
88,111403,Сервировочный стол Calvin 111403 Eichholtz,"Сервировочный столик от EICHHOLTZ - это сочетание прозрачного и черного стекла, белого мрамора и полированной нержавеющей стали придает этому столу воздушный вид. Мраморная нижняя полка предлагает держатель для шести бутылок вина или спиртных напитков.",117340.0,167628.0,1,https://idcollection.ru/images/878a001aef9193eae029a6ff8a21481a/servirovochnyy-stol-calvin-111403-eichholtz.jpg,Eichholtz,Мебель,Столы,Сервировочные столы,85 , 50 ,"  72,5","","",""
89,110965,Подсвечник Archipelago 110965 Eichholtz,"",25971.0,32464.0,1,https://idcollection.ru/images/0804538e34df5b8e0fb252e4131807fa/podsvechnik-archipelago-110965-eichholtz.jpg,Eichholtz,Аксессуары и декор,Аксессуары,Подсвечники и свечи,"30,5 "," 30,5 ","  60,5","","",""
91,112611,Настольная лампа Fondoro 112611 Eichholtz,Элегантная настольная лампа стильного зеленого цвета. Лампа выполнена из зеленого выдувного стекла и бархатного абажура классической формы. Ручная работа.,46550.0,66500.0,1,https://idcollection.ru/images/17855f61d078a91e381ff28a16f77c6c/nastolnaya-lampa-fondoro-112611-eichholtz.jpg,Eichholtz,Свет,Лампы настольные,Настольные лампы для рабочего стола,22 , 50 , 105 cm,"","",""
92,112778,Обеденный стул Volante 112778 Eichholtz,"Стильное эргономиченое кресло на черных деревянных ножках с позолотой. Мягкое сиденье и спинка стула отделаны мягким бархатом, что придает  дорогой лоск предметам интерьера.",33494.0,100.0,4,https://idcollection.ru/images/beea755bb85d2cea17ffd6472e4e64f7/obedennyy-stul-volante-112778-eichholtz.jpg,Eichholtz,Мебель,Стулья,"",57 , 64 , 82 , 48 , 46 ,""
93,112009,Стеллаж Gregorio 112009 Eichholtz,"Стеллаж выполнен из дубового шпона, бронзовая отделка. Стеллаж прекрасно впишется в любой комнате и не скрадет пространство.",279118.0,348897.0,2,https://idcollection.ru/images/fb7e17645040921eb238db70ed9ad7dd/stellazh-gregorio-112009-eichholtz.jpg,Eichholtz,Мебель,Мебель для хранения,Стеллажи,140 , 40 ,  200,"","",""
94,112698,Фоторамка Frame Obliquity S crystal glass set of 2 112698 Eichholtz,Современный набор фоторамок от Eichholtz прекрасно впишется в интеръере спальни или кабинета.,18342.0,22928.0,6,https://idcollection.ru/images/a1e63ef72b134202aaa8c7ce52a329fb/fotoramka-frame-obliquity-s-crystal-glass-set-of-2-112698-eichholtz.jpg,Eichholtz,Аксессуары и декор,Аксессуары,Рамки для фото,18 ," H. 23,5 "," D. 3,5","","",""
95,111766,Настольная лампа Cordero XL 111766 Eichholtz,"Современная настольная лампа бренда EICHHOLTZ выполнена в классическом стиле из современных прочных материалов. Регулируемое наравление света, черная мраморная основа.",25409.0,50818.0,1,https://idcollection.ru/images/d7e551db6d68db8b2cc05edf185c2f36/nastolnaya-lampa-cordero-xl-111766-eichholtz.jpg,Eichholtz,Свет,Лампы настольные,Настольные лампы для рабочего стола,21 , 65 , 87-92 см,"","",""
96,112570,Чаша Bowl Triada 112570 Eichholtz,Оригинальная декоративная чаша выполнена из выдувного стекла ручной работы.,8230.0,10288.0,3,https://idcollection.ru/images/6fc72aa75bf3e7c4f258bd2ce3fcaa1e/chasha-bowl-triada-112570-eichholtz.jpg,Eichholtz,Аксессуары и декор,Посуда,Чаши декоративные,"","",  10,"","",21 
97,112645,Подвесная люстра Hanging Lamp Spiridon 5 light 112645 Eichholtz,"Пдвесная люстра выполнена из соверменных материалов. Стеклянные шарообразные плафоны с регулируемой высотой, основание выполнено из металла с латунной отделкой.",125603.0,179433.0,3,https://idcollection.ru/images/26bb42abca27ab5ad643912540cac34b/podvesnaya-lyustra-hanging-lamp-spiridon-5-light-112645-eichholtz.jpg,Eichholtz,Свет,Подвесные светильники,"",130 , 50 ,  155 | adjustable,"","",""
98,110263,Тортница Branners 110263 Eichholtz,Подставка состоит из основания в черной отделке со вставкой из белого мрамора. Красивый колоколообразный купол из прозрачного стекла помогает сохранить пищу.,25520.0,31900.0,1,https://idcollection.ru/images/ccc34ac0fb0b392deca0cdeeaac5bcaa/tortnitsa-branners-110263-eichholtz.jpg,Eichholtz,Аксессуары и декор,Аксессуары,Предметы сервировки,"","",  42,"","",35 
99,111473U,Стул Dining Chair Dexter 111473U Eichholtz,Оригинальный стул на основании из латуни. Изогнутая спинка и мягкое сиденье обиты плотным текстилем.,64082.0,100.0,1,https://idcollection.ru/images/9a777ed9745426c3fb2cb4e8cf365499/stul-dining-chair-dexter-111473u-eichholtz.jpg https://idcollection.ru/images/5e5dc18eb38bc81d6edf584650bea910/stul-dining-chair-dexter-111473u-eichholtz.jpg https://idcollection.ru/images/3fe12274d3ec9b957f27d3cb62fa6226/stul-dining-chair-dexter-111473u-eichholtz.jpg https://idcollection.ru/images/fb0d99fdb5915ab1e770c566f441b866/stul-dining-chair-dexter-111473u-eichholtz.jpg,Eichholtz,Мебель,Стулья,"","53,5 ", 49 , 78 , 37 , 48 ,""
100,112017,Кресло Chair Pavone 112017 Eichholtz,Элегантное кресло на высоких ножках с латунными наконечниками. Обтянуто бархатом.,64196.0,91709.0,1,https://idcollection.ru/images/1700f386893309c1738fdb4362848113/kreslo-chair-pavone-112017-eichholtz.jpg https://idcollection.ru/images/195a9987de56075bd4b9d8a9835191fe/kreslo-chair-pavone-112017-eichholtz.jpg https://idcollection.ru/images/380845b91a39fb5f2ccb82ab2b28fa58/kreslo-chair-pavone-112017-eichholtz.jpg https://idcollection.ru/images/45ac62d9d6a0dbbec56b3a7869babecc/kreslo-chair-pavone-112017-eichholtz.jpg https://idcollection.ru/images/c2d48a825b522d144fb6ecbb5b17f17b/kreslo-chair-pavone-112017-eichholtz.jpg https://idcollection.ru/images/184340eba9ea689e3829679e734c770f/kreslo-chair-pavone-112017-eichholtz.jpg https://idcollection.ru/images/960bb2f1c07536c2513009797aa752ec/kreslo-chair-pavone-112017-eichholtz.jpg https://idcollection.ru/images/8ce2cfed8d8fe48bbb199722c99471c7/kreslo-chair-pavone-112017-eichholtz.jpg https://idcollection.ru/images/1700f386893309c1738fdb4362848113/kreslo-chair-pavone-112017-eichholtz.jpg,Eichholtz,Мебель,Мягкая мебель,Кресла,"71,5 "," 79,5 ", 77 , 53 , 46 ,""
102,112340,Фигурка декоративная Object Panther Silhouette 112340 Eichholtz,Декоративная фигурка пантеры выполнена из латуни с позолоченной отделкой. Прекрасно впишется в обстановку современного кабинета.,26107.0,32634.0,4,https://idcollection.ru/images/6b11926fff16a828d9f586ae7ebd375c/figurka-dekorativnaya-object-panther-silhouette-112340-eichholtz.jpg,Eichholtz,Аксессуары и декор,"","",36 ," 12,5 ",  15,"","",""
103,113075,Настольная лампа Table Lamp Jaques 113075 Eichholtz,"Настольная лампа классической формы выполнена из металла с никелерованной отделкой. Диффузор закреплен так, чтобы пользователь мог с легкостью регулировать направление света.",31401.0,44858.0,1,https://idcollection.ru/images/bb14079c6ecfb81e39e898ed36f741b3/nastolnaya-lampa-table-lamp-jaques-113075-eichholtz.jpg https://idcollection.ru/images/9a339e0cdcb5c18d1c9eff2110ce18fc/nastolnaya-lampa-table-lamp-jaques-113075-eichholtz.jpg,Eichholtz,Свет,Лампы настольные,"",18 , H. 60,"","","",""
104,113023,Подушка Scatter cushion Alaska 113023 Eichholtz,Декоративная подушка из искусственного меха прекрасно разместится на современном диване вашей гостиной.,9276.0,13251.0,6,https://idcollection.ru/images/f898ea6d8e93b7f7d469eea54d22eba6/podushka-scatter-cushion-alaska-113023-eichholtz.jpg https://idcollection.ru/images/c1fafec82698ae6a701851cd77824a06/podushka-scatter-cushion-alaska-113023-eichholtz.jpg,Eichholtz,Аксессуары и декор,Текстиль,Подушки,60 , 40,"","","",""
105,113022,Подушка Scatter cushion Alaska 113022 Eichholtz,Декоративная подушка из искусственного меха прекрасно разместится на современном диване вашей гостиной.,9276.0,13251.0,4,https://idcollection.ru/images/bc8748af51b07b0f13436f370e091bc9/podushka-scatter-cushion-alaska-113022-eichholtz.jpg https://idcollection.ru/images/58d613c0e30419b8eaffb660236f0609/podushka-scatter-cushion-alaska-113022-eichholtz.jpg,Eichholtz,Аксессуары и декор,Текстиль,Подушки,60 , 40,"","","",""
